"Name","Internal name","Type","Description","Group name","Form field","Options","Read only value","Read only definition","Calculated","External options","Deleted","HubSpot defined","Created user","Created date","Usages","Fill rate","data_entry_instructions","option_descriptions"
"Brands","hs_all_assigned_business_unit_ids","enumeration","The brands this record is assigned to.","credit_memo_information","false","","false","true","false","true","false","true","HubSpot","Not applicable","","0%","",""
"Amount credited","hs_amount_credited","number","How much credit has been credited.","credit_memo_information","false","","false","true","false","false","false","true","HubSpot","Not applicable","","0%","",""
"Amount remaining","hs_amount_remaining","number","How much credit is remaining.","credit_memo_information","false","","false","true","false","false","false","true","HubSpot","Not applicable","","0%","",""
"Comments","hs_comments","string","Comments to the recipient.","credit_memo_information","false","","false","true","false","false","false","true","HubSpot","Not applicable","","0%","",""
"Created by user ID","hs_created_by_user_id","number","The user who created this record. This value is set automatically by HubSpot.","credit_memo_information","false","","true","true","false","true","false","true","HubSpot","Not applicable","","0%","",""
"Object create date/time","hs_createdate","datetime","The date and time at which this object was created. This value is automatically set by HubSpot and may not be modified.","credit_memo_information","false","","true","true","false","false","false","true","HubSpot","Not applicable","","0%","",""
"Credit memo billable","hs_credit_memo_billable","bool","Whether or not the credit memo is billable","credit_memo_information","false","Yes (true); No (false)","false","true","false","false","false","true","HubSpot","Not applicable","","0%","",""
"Credit memo date","hs_credit_memo_date","datetime","Date the credit memo was issued.","credit_memo_information","false","","false","true","false","false","false","true","HubSpot","Not applicable","","0%","",""
"Credit memo reason","hs_credit_memo_reason","enumeration","Reason for issuing credit","credit_memo_information","false","Invoice correction (invoice_correction); Order change/cancellation (order_change_cancellation); Product/service unsatisfactory (product_service_unsatisfactory); Other (other)","false","true","false","false","false","true","HubSpot","Not applicable","","0%","",""
"Credit memo source","hs_credit_memo_source","enumeration","Creation source of the credit memo.","credit_memo_information","false","HubSpot (native_credit_memo); Data Sync (data_sync)","true","true","false","false","false","true","HubSpot","Not applicable","","0%","",""
"Credit memo status","hs_credit_memo_status","enumeration","The status of the credit memo.","credit_memo_information","false","Draft (draft); Unapplied (unapplied); Applied (applied); Partially Applied (partially_applied); Voided (voided)","false","true","false","false","false","true","HubSpot","Not applicable","","0%","",""
"Credit memo tool source","hs_credit_memo_tool_source","enumeration","The tool that was used to create the credit memo.","credit_memo_information","false","Credit Memo Editor (credit_memo_editor); Billing Schedule (billing_schedule)","true","true","false","false","false","true","HubSpot","Not applicable","","0%","",""
"Credit memo url","hs_credit_memo_url","string","The credit memo url, based on the domain and slug.","credit_memo_information","false","","true","true","true","false","false","true","HubSpot","Not applicable","","0%","",""
"Currency","hs_currency","string","The currency of the credit memo.","credit_memo_information","false","","false","true","false","false","false","true","HubSpot","Not applicable","","0%","",""
"Discounts total","hs_discounts_total","number","The sum of all line item level discounts and credit memo level discounts applied to the credit memo.","credit_memo_information","false","","true","true","false","false","false","true","HubSpot","Not applicable","","0%","",""
"Domain","hs_domain","string","Domain of the hosted rendered credit memo.","credit_memo_information","false","","false","true","false","false","false","true","HubSpot","Not applicable","","0%","",""
"Fees total","hs_fees_total","number","The sum of all fees applied to the credit memo.","credit_memo_information","false","","true","true","false","false","false","true","HubSpot","Not applicable","","0%","",""
"Language","hs_language","string","Language of the credit memo.","credit_memo_information","false","","false","true","false","false","false","true","HubSpot","Not applicable","","0%","",""
"Object last modified date/time","hs_lastmodifieddate","datetime","Most recent timestamp of any property update for this object. This includes HubSpot internal properties, which can be visible or hidden. This property is updated automatically.","credit_memo_information","false","","true","true","false","false","false","true","HubSpot","Not applicable","","0%","",""
"Locale","hs_locale","string","Locale of the credit memo.","credit_memo_information","false","","false","true","false","false","false","true","HubSpot","Not applicable","","0%","",""
"Merged record IDs","hs_merged_object_ids","enumeration","The list of record IDs that have been merged into this record. This value is set automatically by HubSpot.","credit_memo_information","false","","true","true","false","true","false","true","HubSpot","Not applicable","","0%","",""
"Number","hs_number","string","The number of the credit memo.","credit_memo_information","false","","false","true","false","false","false","true","HubSpot","Not applicable","","0%","",""
"Record ID","hs_object_id","number","The unique ID for this record. This value is set automatically by HubSpot.","credit_memo_information","false","","true","true","false","false","false","true","HubSpot","Not applicable","","0%","",""
"Record source detail 1","hs_object_source_detail_1","string","First level of detail on how this record was created.","credit_memo_information","false","","true","true","false","false","false","true","HubSpot","Not applicable","","0%","",""
"Record source detail 2","hs_object_source_detail_2","string","Second level of detail on how this record was created.","credit_memo_information","false","","true","true","false","false","false","true","HubSpot","Not applicable","","0%","",""
"Record source detail 3","hs_object_source_detail_3","string","Third level of detail on how this record was created.","credit_memo_information","false","","true","true","false","false","false","true","HubSpot","Not applicable","","0%","",""
"Record source","hs_object_source_label","enumeration","How this record was created.","credit_memo_information","false","","true","true","false","true","false","true","HubSpot","Not applicable","","0%","",""
"Order level discounts total","hs_order_level_discounts_total","number","The sum of only credit memo level discounts applied to the credit memo.","credit_memo_information","false","","true","true","false","false","false","true","HubSpot","Not applicable","","0%","",""
"PDF download url","hs_pdf_download_url","string","The url to download the pdf of the credit memo.","credit_memo_information","false","","true","true","false","false","false","true","HubSpot","Not applicable","","0%","",""
"PO number","hs_purchase_order_number","string","Purchase order number of the credit memo.","credit_memo_information","false","","false","true","false","false","false","true","HubSpot","Not applicable","","0%","",""
"Recipient company street address","hs_recipient_company_address","string","The address of the recipient's company or organization.","credit_memo_information","false","","false","true","false","false","false","true","HubSpot","Not applicable","","0%","",""
"Recipient company street address 2","hs_recipient_company_address2","string","Additional address of the recipient's company or organization.","credit_memo_information","false","","false","true","false","false","false","true","HubSpot","Not applicable","","0%","",""
"Recipient company city","hs_recipient_company_city","string","The city of the recipient's company or organization.","credit_memo_information","false","","false","true","false","false","false","true","HubSpot","Not applicable","","0%","",""
"Recipient company country","hs_recipient_company_country","string","The country of the recipient's company or organization.","credit_memo_information","false","","false","true","false","false","false","true","HubSpot","Not applicable","","0%","",""
"Recipient company country code","hs_recipient_company_country_code","string","The country code of the recipient's company or organization.","credit_memo_information","false","","false","true","false","false","false","true","HubSpot","Not applicable","","0%","",""
"Recipient company state/region","hs_recipient_company_state","string","The state or region of the recipient's company or organization.","credit_memo_information","false","","false","true","false","false","false","true","HubSpot","Not applicable","","0%","",""
"Recipient company postal code","hs_recipient_company_zip","string","The postal or zip code of the recipient's company or organization.","credit_memo_information","false","","false","true","false","false","false","true","HubSpot","Not applicable","","0%","",""
"Recipient shipping street address","hs_recipient_shipping_address","string","The shipping address of the recipient.","credit_memo_information","false","","false","true","false","false","false","true","HubSpot","Not applicable","","0%","",""
"Recipient shipping street address 2","hs_recipient_shipping_address2","string","Additional shipping address of the recipient.","credit_memo_information","false","","false","true","false","false","false","true","HubSpot","Not applicable","","0%","",""
"Recipient shipping city","hs_recipient_shipping_city","string","The shipping city of the recipient.","credit_memo_information","false","","false","true","false","false","false","true","HubSpot","Not applicable","","0%","",""
"Recipient shipping country","hs_recipient_shipping_country","string","The shipping country of the recipient.","credit_memo_information","false","","false","true","false","false","false","true","HubSpot","Not applicable","","0%","",""
"Recipient shipping country code","hs_recipient_shipping_country_code","string","The shipping country of the recipient.","credit_memo_information","false","","false","true","false","false","false","true","HubSpot","Not applicable","","0%","",""
"Recipient shipping name","hs_recipient_shipping_name","string","The shipping name of the recipient.","credit_memo_information","false","","false","true","false","false","false","true","HubSpot","Not applicable","","0%","",""
"Recipient shipping state/region","hs_recipient_shipping_state","string","The shipping state or region of the recipient.","credit_memo_information","false","","false","true","false","false","false","true","HubSpot","Not applicable","","0%","",""
"Recipient shipping postal code","hs_recipient_shipping_zip","string","The shipping postal or zip code of the recipient.","credit_memo_information","false","","false","true","false","false","false","true","HubSpot","Not applicable","","0%","",""
"Sender company street address","hs_sender_company_address","string","The address of the sender's company or organization.","credit_memo_information","false","","false","true","false","false","false","true","HubSpot","Not applicable","","0%","",""
"Sender company street address 2","hs_sender_company_address2","string","Additional address of the sender's company or organization.","credit_memo_information","false","","false","true","false","false","false","true","HubSpot","Not applicable","","0%","",""
"Sender company city","hs_sender_company_city","string","The city of the sender's company or organization.","credit_memo_information","false","","false","true","false","false","false","true","HubSpot","Not applicable","","0%","",""
"Sender company country","hs_sender_company_country","string","The country of the sender's company or organization.","credit_memo_information","false","","false","true","false","false","false","true","HubSpot","Not applicable","","0%","",""
"Sender company state/region","hs_sender_company_state","string","The state or region of the sender's company or organization.","credit_memo_information","false","","false","true","false","false","false","true","HubSpot","Not applicable","","0%","",""
"Sender company postal code","hs_sender_company_zip","string","The postal or zip code of the sender's company or organization.","credit_memo_information","false","","false","true","false","false","false","true","HubSpot","Not applicable","","0%","",""
"Slug","hs_slug","string","Slug of the hosted rendered credit memo.","credit_memo_information","false","","false","true","false","false","false","true","HubSpot","Not applicable","","0%","",""
"Subtotal","hs_subtotal","number","The sum of all line items of the invoice including line item level taxes.","credit_memo_information","false","","true","true","false","false","false","true","HubSpot","Not applicable","","0%","",""
"Taxes total","hs_taxes_total","number","The sum of all taxes applied to the credit memo.","credit_memo_information","false","","true","true","false","false","false","true","HubSpot","Not applicable","","0%","",""
"Timezone","hs_timezone","string","The timezone of the credit memo.","credit_memo_information","false","","false","true","false","false","false","true","HubSpot","Not applicable","","0%","",""
"Updated by user ID","hs_updated_by_user_id","number","The user who last updated this record. This value is set automatically by HubSpot.","credit_memo_information","false","","true","true","false","true","false","true","HubSpot","Not applicable","","0%","",""
"Owner assigned date","hubspot_owner_assigneddate","datetime","The most recent timestamp of when an owner was assigned to this record. This value is set automatically by HubSpot.","credit_memo_information","false","","true","true","false","false","false","true","HubSpot","Not applicable","","0%","",""
"Owner","hubspot_owner_id","enumeration","The owner of the object.","credit_memo_information","false","","false","true","false","true","false","true","HubSpot","Not applicable","","0%","",""
"Owner's main team","hubspot_team_id","enumeration","The main team of the record owner. This value is set automatically by HubSpot.","credit_memo_information","false","","true","true","false","true","false","true","HubSpot","Not applicable","","0%","",""
