"Name","Email","Phone number","Lead source","Conversion ID","Conversion Date","Conversion Page","Conversion Title","Contact first name","Contact last name","Contact email","Contact ID"
"*redacted*","*redacted*","redacted","*redacted*","8bb5c91e-8aeb-4560-92f5-c802ef362ff1","2023-12-16 06:15:16 PM","","","","","",""
"*redacted*","*redacted*","redacted","*redacted*","81a0eba2-3430-4123-b6e2-312b86aab8c2","2023-12-05 08:04:54 PM","","","","","",""
"*redacted*","*redacted*","redacted","*redacted*","625ed51d-0072-474c-851d-15f60144ca51","2023-11-25 04:22:35 PM","","","","","",""
"*redacted*","*redacted*","redacted","*redacted*","e855eeb7-067e-4c91-a4bd-3ffdb75dc2c3","2023-11-23 02:54:08 PM","","","","","",""
"*redacted*","*redacted*","redacted","*redacted*","4e1f5c9b-823b-42f5-af05-d5eb4bece2be","2023-11-22 06:42:45 AM","","","","","",""
"*redacted*","*redacted*","redacted","*redacted*","5273ad9c-afe7-4831-b856-a9e6cb0e227b","2023-11-22 06:41:36 AM","","","","","",""
"*redacted*","*redacted*","redacted","*redacted*","b35a532c-c788-4684-8c70-7bc2c0bde11c","2023-11-17 01:56:24 PM","","","","","",""
"*redacted*","*redacted*","redacted","*redacted*","bd731d53-5fd6-48b5-a52a-939d83e701e0","2023-11-14 11:33:30 AM","","","","","",""
"*redacted*","*redacted*","redacted","*redacted*","a114bc6d-97c4-445c-9166-cdef4581d03b","2023-11-01 08:36:24 PM","","","","","",""
"*redacted*","*redacted*","redacted","*redacted*","cc76a4b2-547e-43b2-9fff-ac4cdcb2a3d0","2023-10-19 05:30:54 PM","","","","","",""
"*redacted*","*redacted*","redacted","*redacted*","d18b04aa-5616-4b9d-8c61-9129e623bcbd","2023-09-14 08:23:12 PM","","","","","",""
"*redacted*","*redacted*","redacted","*redacted*","115c1c26-1974-4001-a570-28aa6b6d332c","2023-09-14 08:08:36 PM","","","","","",""
"*redacted*","*redacted*","redacted","*redacted*","9bd8637a-b939-406a-85fd-269c2cdc9219","2023-09-14 05:23:06 PM","","","","","",""
"*redacted*","*redacted*","redacted","*redacted*","4c3b04d0-2e20-426f-8c13-5346d02daeff","2023-09-14 04:52:17 PM","","","","","",""
"*redacted*","*redacted*","redacted","*redacted*","08f47f23-98dc-4f8f-8981-bbbaff20082e","2023-09-14 04:49:34 PM","","","","","",""
