"Name","Email","Phone","Message","Conversion ID","Conversion Date","Conversion Page","Conversion Title","Contact first name","Contact last name","Contact email","Contact ID"
"*redacted*","*redacted*","redacted","*redacted*","a5cf6bd8-08c5-4e1b-9784-75d1fdb6aa72","2024-11-17 06:40:05 PM","","","","","",""
"Rishi Test","","9991999191","Testing","450e84fe-3a5d-45dd-bbce-71aacacc2005","2022-08-05 03:15:45 PM","https://evolvedhair-21009770.hubspotpagebuilder.com/test-form-page","Test Form Page","Rishi Test","","","529601"
"Rishi Test","","9991999191","Testing","cafeee7a-84ed-467c-a990-7a5f18fb8544","2022-08-05 03:13:32 PM","https://evolvedhair-21009770.hubspotpagebuilder.com/test-form-page","Test Form Page","Rishi Test","","","529601"
"*redacted*","*redacted*","redacted","*redacted*","f39719b3-77cf-40e8-87e7-11c094d751b5","2021-12-16 05:57:53 PM","","","","","",""
"*redacted*","*redacted*","redacted","*redacted*","082e77b3-7358-4514-b471-577b23d146c6","2021-12-16 05:37:10 PM","","","","","",""
"*redacted*","*redacted*","redacted","*redacted*","d250a140-25c6-4218-8ac8-b70b969e4021","2021-12-13 10:58:37 PM","","","","","",""
"*redacted*","*redacted*","redacted","*redacted*","6df8c3b9-6ee2-423c-bee8-c624cfaa9160","2021-12-06 06:15:37 PM","","","","","",""
"*redacted*","*redacted*","redacted","*redacted*","6fa00753-4405-4c83-af4e-57e9ae6cba5b","2021-11-25 02:23:32 AM","","","","","",""
"*redacted*","*redacted*","redacted","*redacted*","0b6d6414-0dd6-43f4-8050-710506f6404a","2021-11-24 10:20:16 PM","","","","","",""
